Export,All holdings > By asset class ,,,,,,,,,,,,,,,,,,,,,,,,,,,,,,,,,,,,,,,,,,,,,,,,,,,,,,,,,,,,,,,,,,,,,,,,,,,,,,
Timestamp,04.04.2023 13:45,,,,,,,,,,,,,,,,,,,,,,,,,,,,,,,,,,,,,,,,,,,,,,,,,,,,,,,,,,,,,,,,,,,,,,,,,,,,,,
Portfolio(s),"162306.002, 162675.001, 167966.001, 167966.002, 170312.001, 301335.001",,,,,,,,,,,,,,,,,,,,,,,,,,,,,,,,,,,,,,,,,,,,,,,,,,,,,,,,,,,,,,,,,,,,,,,,,,,,,,
As at,31.03.2023,,,,,,,,,,,,,,,,,,,,,,,,,,,,,,,,,,,,,,,,,,,,,,,,,,,,,,,,,,,,,,,,,,,,,,,,,,,,,,
Currency,EUR,,,,,,,,,,,,,,,,,,,,,,,,,,,,,,,,,,,,,,,,,,,,,,,,,,,,,,,,,,,,,,,,,,,,,,,,,,,,,,
Null current accounts,Not included,,,,,,,,,,,,,,,,,,,,,,,,,,,,,,,,,,,,,,,,,,,,,,,,,,,,,,,,,,,,,,,,,,,,,,,,,,,,,,
Column set,All column sets,,,,,,,,,,,,,,,,,,,,,,,,,,,,,,,,,,,,,,,,,,,,,,,,,,,,,,,,,,,,,,,,,,,,,,,,,,,,,,
,,,,,,,,,,,,,,,,,,,,,,,,,,,,,,,,,,,,,,,,,,,,,,,,,,,,,,,,,,,,,,,,,,,,,,,,,,,,,,,
,,,,,,,,,,,,,,,,,,,,,,,,,,,,,,,,,,,,,,,,,,,,,,,,,,,,,,,,,,,,,,,,,,,,,,,,,,,,,,,
,,,,,,,Portfolio ,Quantity,"Position
currency","Market 
price","Gross unit 
cost","% G/L gross
on position currency","Valuation
(EUR)",% Total,"% asset
class",% G/L net,"% G/L net
on market","% G/L net
on currency","Accr.
interest","Pictet
code",ISIN,SEDOL,CUSIP,Bloomberg,"Face
value","Coupon
pay
day","Coupon
pay
frequency",Issue date,"Probable
maturity","Moody's
rating","SBI®
Composite-
Rating ","Combined
rating",Duration,"Modified
duration","Weight
modified
duration","Yield to
maturity",Coupon,Delta,"Economic
valuation","Economic
valuation
weight","Marked-to-
market","Weighted
marked-to-
market","Delta
exposure","Delta
exposure
weight",Liquidity,"Gamma
exposure","Minimum
exposure","LPP
exposure","Company
market cap
in company ccy.","Company
market cap.
USD","Security
market cap.
in security ccy.","Security
market cap.
USD","Cash-flow
by security","Dividend
yield","Last
price","Actual P/E ratio
(FY0)","Price to
book
ratio",Issuer,Company,Bond Issuer Type,Risk country,Price date,Mkt. Price type,"Subscription
Periodicity","Subscription
Limit day","No. of days
before NAV for sending
subscription orders","Subscription
Calendar/business day","Subscription
Business day
calcualtion","Subscription
Limit hour","Subscription
Settlement cycle","Redemption
Periodicity","Redemption
Limit day","No. of days
before NAV for sending
redemption orders","Redemption
Calendar/business day","Redemption
Business day
calculation","Redemption
Limit hour","Redemption
Settlement cycle",ISIN,
,Total,,,,,,,-,-,-,-,-,14 414 748,100.00%,100.00%,-,-,-,176.80,-,-,-,-,-,-,-,-,-,-,-,-,-,0.15,0.14,0.04,4.569,3.909,0.30349,-,-,-,-,-,-,-,-,-,-,-,-,-,-,-,-,-,-,-,-,-,-,-,-,-,-,-,-,-,-,-,-,-,-,-,-,-,-,-,-,0
1,Total,Cash,,,,,,-,-,-,-,-,4 483 421,31.10%,31.10%,-,-,-,-,-,-,-,-,-,-,-,-,-,-,-,-,-,0.15,0.14,0.04,4.328,-,0.00000,-,-,-,-,-,-,-,-,-,-,-,-,-,-,-,-,-,-,-,-,-,-,-,-,-,-,-,-,-,-,-,-,-,-,-,-,-,-,-,-,0
2,Total,Cash,Current accounts,,,,,-,-,-,-,-,1 525 164,10.58%,34.02%,-,-,-,-,-,-,-,-,-,-,-,-,-,-,-,-,-,-,-,-,-,-,0.00000,-,-,-,-,-,-,-,-,-,-,-,-,-,-,-,-,-,-,-,-,-,-,-,-,-,-,-,-,-,-,-,-,-,-,-,-,-,-,-,-,0
3,Total,Cash,Current accounts,,Chf Common,,,9 987.03,CHF,-,-,-,10 062,0.07%,0.66%,-,-,-,-,-,STD.CHF.EOQ.00,-,-,-,-,-,-,-,-,-,-,-,-,-,-,-,-,-,10 062,0.07%,10 062,0.07%,10 062,0.07%,-,-,10 062,10 062,-,-,-,-,-,-,-,-,-,Pictet & Cie (europe) Sa,Pictet & Cie (europe) Sa,-,LUXEMBOURG,-,-,-,-,-,-,-,-,-,-,-,-,-,-,-,-,STD.CHF.EOQ.00,1
4,Total,Cash,Current accounts,,Chf Common,Chf Common,162306.002,0.00,CHF,-,-,-,0,0.00%,0.00%,-,-,-,-,-,STD.CHF.EOQ.00,-,-,-,-,-,-,-,-,-,-,-,-,-,-,-,-,-,-,-,-,-,-,-,-,-,-,-,-,-,-,-,-,-,-,-,-,Pictet & Cie (europe) Sa,Pictet & Cie (europe) Sa,-,LUXEMBOURG,-,-,-,-,-,-,-,-,-,-,-,-,-,-,-,-,STD.CHF.EOQ.00,1
4,Total,Cash,Current accounts,,Chf Common,Chf Common,162675.001,8 346.89,CHF,-,-,-,8 410,0.06%,0.55%,-,-,-,-,-,STD.CHF.EOQ.00,-,-,-,-,-,-,-,-,-,-,-,-,-,-,-,-,-,-,-,-,-,-,-,-,-,-,-,-,-,-,-,-,-,-,-,-,Pictet & Cie (europe) Sa,Pictet & Cie (europe) Sa,-,LUXEMBOURG,-,-,-,-,-,-,-,-,-,-,-,-,-,-,-,-,STD.CHF.EOQ.00,1
4,Total,Cash,Current accounts,,Chf Common,Chf Common,167966.001,0.00,CHF,-,-,-,0,0.00%,0.00%,-,-,-,-,-,STD.CHF.EOQ.00,-,-,-,-,-,-,-,-,-,-,-,-,-,-,-,-,-,-,-,-,-,-,-,-,-,-,-,-,-,-,-,-,-,-,-,-,Pictet & Cie (europe) Sa,Pictet & Cie (europe) Sa,-,LUXEMBOURG,-,-,-,-,-,-,-,-,-,-,-,-,-,-,-,-,STD.CHF.EOQ.00,1
4,Total,Cash,Current accounts,,Chf Common,Chf Common,170312.001,1 682.08,CHF,-,-,-,1 695,0.01%,0.11%,-,-,-,-,-,STD.CHF.EOQ.00,-,-,-,-,-,-,-,-,-,-,-,-,-,-,-,-,-,-,-,-,-,-,-,-,-,-,-,-,-,-,-,-,-,-,-,-,Pictet & Cie (europe) Sa,Pictet & Cie (europe) Sa,-,LUXEMBOURG,-,-,-,-,-,-,-,-,-,-,-,-,-,-,-,-,STD.CHF.EOQ.00,1
4,Total,Cash,Current accounts,,Chf Common,Chf Common,301335.001,-41.94,CHF,-,-,-,-42,0.00%,0.00%,-,-,-,-,-,STD.CHF.EOQ.00,-,-,-,-,-,-,-,-,-,-,-,-,-,-,-,-,-,-,-,-,-,-,-,-,-,-,-,-,-,-,-,-,-,-,-,-,Pictet & Cie (europe) Sa,Pictet & Cie (europe) Sa,-,LUXEMBOURG,-,-,-,-,-,-,-,-,-,-,-,-,-,-,-,-,STD.CHF.EOQ.00,1
3,Total,Cash,Current accounts,,Eur Common,,,1 262 819.96,EUR,-,-,-,1 262 820,8.76%,82.80%,-,-,-,-,-,STD.EUR.EOQ.00,-,-,-,-,-,-,-,-,-,-,-,-,-,-,-,-,-,1 262 820,8.76%,1 262 820,8.76%,1 262 820,8.76%,-,-,1 262 820,1 262 820,-,-,-,-,-,-,-,-,-,Pictet & Cie (europe) Sa,Pictet & Cie (europe) Sa,-,LUXEMBOURG,-,-,-,-,-,-,-,-,-,-,-,-,-,-,-,-,STD.EUR.EOQ.00,1
4,Total,Cash,Current accounts,,Eur Common,Eur Common,162306.002,283 088.42,EUR,-,-,-,283 088,1.96%,18.56%,-,-,-,-,-,STD.EUR.EOQ.00,-,-,-,-,-,-,-,-,-,-,-,-,-,-,-,-,-,-,-,-,-,-,-,-,-,-,-,-,-,-,-,-,-,-,-,-,Pictet & Cie (europe) Sa,Pictet & Cie (europe) Sa,-,LUXEMBOURG,-,-,-,-,-,-,-,-,-,-,-,-,-,-,-,-,STD.EUR.EOQ.00,1
4,Total,Cash,Current accounts,,Eur Common,Eur Common,162675.001,197 803.46,EUR,-,-,-,197 803,1.37%,12.97%,-,-,-,-,-,STD.EUR.EOQ.00,-,-,-,-,-,-,-,-,-,-,-,-,-,-,-,-,-,-,-,-,-,-,-,-,-,-,-,-,-,-,-,-,-,-,-,-,Pictet & Cie (europe) Sa,Pictet & Cie (europe) Sa,-,LUXEMBOURG,-,-,-,-,-,-,-,-,-,-,-,-,-,-,-,-,STD.EUR.EOQ.00,1
4,Total,Cash,Current accounts,,Eur Common,Eur Common,167966.001,338 118.87,EUR,-,-,-,338 119,2.35%,22.17%,-,-,-,-,-,STD.EUR.EOQ.00,-,-,-,-,-,-,-,-,-,-,-,-,-,-,-,-,-,-,-,-,-,-,-,-,-,-,-,-,-,-,-,-,-,-,-,-,Pictet & Cie (europe) Sa,Pictet & Cie (europe) Sa,-,LUXEMBOURG,-,-,-,-,-,-,-,-,-,-,-,-,-,-,-,-,STD.EUR.EOQ.00,1
4,Total,Cash,Current accounts,,Eur Common,Eur Common,167966.002,48 434.73,EUR,-,-,-,48 435,0.34%,3.18%,-,-,-,-,-,STD.EUR.EOQ.00,-,-,-,-,-,-,-,-,-,-,-,-,-,-,-,-,-,-,-,-,-,-,-,-,-,-,-,-,-,-,-,-,-,-,-,-,Pictet & Cie (europe) Sa,Pictet & Cie (europe) Sa,-,LUXEMBOURG,-,-,-,-,-,-,-,-,-,-,-,-,-,-,-,-,STD.EUR.EOQ.00,1
4,Total,Cash,Current accounts,,Eur Common,Eur Common,170312.001,57 957.33,EUR,-,-,-,57 957,0.40%,3.80%,-,-,-,-,-,STD.EUR.EOQ.00,-,-,-,-,-,-,-,-,-,-,-,-,-,-,-,-,-,-,-,-,-,-,-,-,-,-,-,-,-,-,-,-,-,-,-,-,Pictet & Cie (europe) Sa,Pictet & Cie (europe) Sa,-,LUXEMBOURG,-,-,-,-,-,-,-,-,-,-,-,-,-,-,-,-,STD.EUR.EOQ.00,1
4,Total,Cash,Current accounts,,Eur Common,Eur Common,301335.001,337 417.15,EUR,-,-,-,337 417,2.34%,22.12%,-,-,-,-,-,STD.EUR.EOQ.00,-,-,-,-,-,-,-,-,-,-,-,-,-,-,-,-,-,-,-,-,-,-,-,-,-,-,-,-,-,-,-,-,-,-,-,-,Pictet & Cie (europe) Sa,Pictet & Cie (europe) Sa,-,LUXEMBOURG,-,-,-,-,-,-,-,-,-,-,-,-,-,-,-,-,STD.EUR.EOQ.00,1
3,Total,Cash,Current accounts,,Gbp Common,,,1 922.00,GBP,-,-,-,2 187,0.02%,0.14%,-,-,-,-,-,STD.GBP.EOQ.00,-,-,-,-,-,-,-,-,-,-,-,-,-,-,-,-,-,2 187,0.02%,2 187,0.02%,2 187,0.02%,-,-,2 187,2 187,-,-,-,-,-,-,-,-,-,Pictet & Cie (europe) Sa,Pictet & Cie (europe) Sa,-,LUXEMBOURG,-,-,-,-,-,-,-,-,-,-,-,-,-,-,-,-,STD.GBP.EOQ.00,1
4,Total,Cash,Current accounts,,Gbp Common,Gbp Common,162675.001,0.88,GBP,-,-,-,1,0.00%,0.00%,-,-,-,-,-,STD.GBP.EOQ.00,-,-,-,-,-,-,-,-,-,-,-,-,-,-,-,-,-,-,-,-,-,-,-,-,-,-,-,-,-,-,-,-,-,-,-,-,Pictet & Cie (europe) Sa,Pictet & Cie (europe) Sa,-,LUXEMBOURG,-,-,-,-,-,-,-,-,-,-,-,-,-,-,-,-,STD.GBP.EOQ.00,1
4,Total,Cash,Current accounts,,Gbp Common,Gbp Common,167966.001,1 546.46,GBP,-,-,-,1 760,0.01%,0.12%,-,-,-,-,-,STD.GBP.EOQ.00,-,-,-,-,-,-,-,-,-,-,-,-,-,-,-,-,-,-,-,-,-,-,-,-,-,-,-,-,-,-,-,-,-,-,-,-,Pictet & Cie (europe) Sa,Pictet & Cie (europe) Sa,-,LUXEMBOURG,-,-,-,-,-,-,-,-,-,-,-,-,-,-,-,-,STD.GBP.EOQ.00,1
4,Total,Cash,Current accounts,,Gbp Common,Gbp Common,170312.001,374.31,GBP,-,-,-,426,0.00%,0.03%,-,-,-,-,-,STD.GBP.EOQ.00,-,-,-,-,-,-,-,-,-,-,-,-,-,-,-,-,-,-,-,-,-,-,-,-,-,-,-,-,-,-,-,-,-,-,-,-,Pictet & Cie (europe) Sa,Pictet & Cie (europe) Sa,-,LUXEMBOURG,-,-,-,-,-,-,-,-,-,-,-,-,-,-,-,-,STD.GBP.EOQ.00,1
4,Total,Cash,Current accounts,,Gbp Common,Gbp Common,301335.001,0.35,GBP,-,-,-,0,0.00%,0.00%,-,-,-,-,-,STD.GBP.EOQ.00,-,-,-,-,-,-,-,-,-,-,-,-,-,-,-,-,-,-,-,-,-,-,-,-,-,-,-,-,-,-,-,-,-,-,-,-,Pictet & Cie (europe) Sa,Pictet & Cie (europe) Sa,-,LUXEMBOURG,-,-,-,-,-,-,-,-,-,-,-,-,-,-,-,-,STD.GBP.EOQ.00,1
3,Total,Cash,Current accounts,,Usd Common,,,271 714.69,USD,-,-,-,250 094,1.73%,16.40%,-,-,-,-,-,STD.USD.EOQ.00,-,-,-,-,-,-,-,-,-,-,-,-,-,-,-,-,-,250 094,1.73%,250 094,1.73%,250 094,1.73%,-,-,250 094,250 094,-,-,-,-,-,-,-,-,-,Pictet & Cie (europe) Sa,Pictet & Cie (europe) Sa,-,LUXEMBOURG,-,-,-,-,-,-,-,-,-,-,-,-,-,-,-,-,STD.USD.EOQ.00,1
4,Total,Cash,Current accounts,,Usd Common,Usd Common,162306.002,23 655.46,USD,-,-,-,21 773,0.15%,1.43%,-,-,-,-,-,STD.USD.EOQ.00,-,-,-,-,-,-,-,-,-,-,-,-,-,-,-,-,-,-,-,-,-,-,-,-,-,-,-,-,-,-,-,-,-,-,-,-,Pictet & Cie (europe) Sa,Pictet & Cie (europe) Sa,-,LUXEMBOURG,-,-,-,-,-,-,-,-,-,-,-,-,-,-,-,-,STD.USD.EOQ.00,1
4,Total,Cash,Current accounts,,Usd Common,Usd Common,162675.001,229 945.19,USD,-,-,-,211 648,1.47%,13.88%,-,-,-,-,-,STD.USD.EOQ.00,-,-,-,-,-,-,-,-,-,-,-,-,-,-,-,-,-,-,-,-,-,-,-,-,-,-,-,-,-,-,-,-,-,-,-,-,Pictet & Cie (europe) Sa,Pictet & Cie (europe) Sa,-,LUXEMBOURG,-,-,-,-,-,-,-,-,-,-,-,-,-,-,-,-,STD.USD.EOQ.00,1
4,Total,Cash,Current accounts,,Usd Common,Usd Common,167966.001,16 808.24,USD,-,-,-,15 471,0.11%,1.01%,-,-,-,-,-,STD.USD.EOQ.00,-,-,-,-,-,-,-,-,-,-,-,-,-,-,-,-,-,-,-,-,-,-,-,-,-,-,-,-,-,-,-,-,-,-,-,-,Pictet & Cie (europe) Sa,Pictet & Cie (europe) Sa,-,LUXEMBOURG,-,-,-,-,-,-,-,-,-,-,-,-,-,-,-,-,STD.USD.EOQ.00,1
4,Total,Cash,Current accounts,,Usd Common,Usd Common,170312.001,0.00,USD,-,-,-,0,0.00%,0.00%,-,-,-,-,-,STD.USD.EOQ.00,-,-,-,-,-,-,-,-,-,-,-,-,-,-,-,-,-,-,-,-,-,-,-,-,-,-,-,-,-,-,-,-,-,-,-,-,Pictet & Cie (europe) Sa,Pictet & Cie (europe) Sa,-,LUXEMBOURG,-,-,-,-,-,-,-,-,-,-,-,-,-,-,-,-,STD.USD.EOQ.00,1
4,Total,Cash,Current accounts,,Usd Common,Usd Common,301335.001,1 305.80,USD,-,-,-,1 202,0.01%,0.08%,-,-,-,-,-,STD.USD.EOQ.00,-,-,-,-,-,-,-,-,-,-,-,-,-,-,-,-,-,-,-,-,-,-,-,-,-,-,-,-,-,-,-,-,-,-,-,-,Pictet & Cie (europe) Sa,Pictet & Cie (europe) Sa,-,LUXEMBOURG,-,-,-,-,-,-,-,-,-,-,-,-,-,-,-,-,STD.USD.EOQ.00,1
2,Total,Cash,Term loans,,,,,-,-,-,-,-,-700 000,-4.86%,-15.61%,-,-,-,-,-,-,-,-,-,-,-,-,-,-,-,-,-,-,-,-,-,-,0.00000,-,-,-,-,-,-,-,-,-,-,-,-,-,-,-,-,-,-,-,-,-,-,-,-,-,-,-,-,-,-,-,-,-,-,-,-,-,-,-,-,0
3,Total,Cash,Term loans,,"Advance Eur 3.67%,30.11.2021-23.10.2023",,167966.002,-700 000.00,EUR,-,-,-,-700 000,-4.86%,100.00%,-,-,-,-,-,ZZ00WNEE0C 0,-,-,-,-,-,-,-,23.10.2023,-,-,-,-,-,-,-,-,-,-700 000,-4.86%,-700 000,-4.86%,-700 000,-4.86%,-,-,-700 000,-700 000,-,-,-,-,-,-,-,-,-,-,-,-,SWITZERLAND,-,-,-,-,-,-,-,-,-,-,-,-,-,-,-,-,ZZ00WNEE0C 0,1
2,Total,Cash,Forward accounts,,,,,-,-,-,-,-,0,0.00%,0.00%,-,-,-,-,-,-,-,-,-,-,-,-,-,-,-,-,-,-,-,-,-,-,0.00000,-,-,-,-,-,-,-,-,-,-,-,-,-,-,-,-,-,-,-,-,-,-,-,-,-,-,-,-,-,-,-,-,-,-,-,-,-,-,-,-,0
3,Total,Cash,Forward accounts,,Counterparty 6.75% Holdikks 14/21 Sr S-def-prov-,,,0.00,EUR,-,-,-,0,0.00%,0.00%,-,-,-,-,-,-,-,-,-,-,-,-,-,-,-,-,-,-,-,-,-,-,-,0,0.00%,0,0.00%,0,0.00%,-,-,-,0,-,-,-,-,-,-,-,-,-,-,-,-,EUROPEAN UNION,-,-,-,-,-,-,-,-,-,-,-,-,-,-,-,-,-,1
2,Total,Cash,Short term,,,,,-,-,-,-,-,3 658 257,25.38%,81.60%,-,-,-,-,-,-,-,-,-,-,-,-,-,-,-,-,-,0.15,0.14,0.04,4.328,-,-,-,-,-,-,-,-,-,-,-,-,-,-,-,-,-,-,-,-,-,-,-,-,-,-,-,-,-,-,-,-,-,-,-,-,-,-,-,-,-,-,0
3,Total,Cash,Short term,,Tbi Usa 230523 Sr,,162675.001,4 000 000,USD,99.36,99.25,0.11%,3 658 257,25.38%,100.00%,-1.20%,0.11%,-1.32%,-,AB5HAS,US912797FF92,BKS9CY6,912797FF9,912797FF9 Govt,100.00,-,0,24.01.2023,23.05.2023,-,-,AA1,0.15,0.14,0.04,4.328,-,-,3 658 257,25.38%,3 658 257,25.38%,3 658 257,25.38%,-,-,3 658 257,3 658 257,-,-,-,-,-,-,-,-,-,United States Of America,United States Of America,Government/treasury guarantee,United States,31.03.2023,Mid Price,-,-,-,-,-,-,-,-,-,-,-,-,-,-,US912797FF92,1
1,Total,Fixed income,,,,,,-,-,-,-,-,4 039 398,28.02%,28.02%,-,-,-,176.80,-,-,-,-,-,-,-,-,-,-,-,-,-,1.41,0.61,0.00,113.034,3.909,-,-,-,-,-,-,-,-,-,-,-,-,-,-,-,-,-,-,-,-,-,-,-,-,-,-,-,-,-,-,-,-,-,-,-,-,-,-,-,-,-,0
2,Total,Fixed income,Bonds,,,,,-,-,-,-,-,8 141,0.06%,0.20%,-,-,-,176.80,-,-,-,-,-,-,-,-,-,-,-,-,-,1.41,0.61,0.00,113.034,3.909,-,-,-,-,-,-,-,-,-,-,-,-,-,-,-,-,-,-,-,-,-,-,-,-,-,-,-,-,-,-,-,-,-,-,-,-,-,-,-,-,-,0
3,Total,Fixed income,Bonds,EUR - Euro,,,,-,-,-,-,-,8 141,0.06%,100.00%,-,-,-,176.80,-,-,-,-,-,-,-,-,-,-,-,-,-,1.41,0.61,0.00,113.034,3.909,-,-,-,-,-,-,-,-,-,-,-,-,-,-,-,-,-,-,-,-,-,-,-,-,-,-,-,-,-,-,-,-,-,-,-,-,-,-,-,-,-,0
4,Total,Fixed income,Bonds,EUR - Euro,4.00% Rallye 14/30 Sr -def-,,162306.002,200 000,EUR,3.06,100.27,-96.95%,6 111,0.04%,75.06%,-96.95%,-96.95%,0.00%,-,AAA7CO,FR0011801596,BN45766,-,EK1314625 Corp,100 000.00,02.04,1,02.04.2014,28.02.2032,-,-,-,1.87,0.80,0.00,132.852,4.000,-,6 111,0.04%,6 111,0.04%,6 111,0.04%,-,-,6 111,6 111,-,270 125 000,-,-,-,-,-,-,-,Rallye Sa,Rallye Sa,Corporate,FRANCE,31.03.2023,Mid Price,-,-,-,-,-,-,-,-,-,-,-,-,-,-,FR0011801596,1
4,Total,Fixed income,Bonds,EUR - Euro,6.75% Holdikks 14/21 Sr S-def-prov-,,162675.001,100 000,EUR,0.00,96.30,-100.00%,0,0.00%,0.00%,-100.00%,-100.00%,0.00%,-,AAF1I7,XS2003586869,-,-,-,1 000.00,15.01,2,10.07.2014,15.07.2021,-,-,-,-,-,-,-,6.750,-,0,0.00%,0,0.00%,0,0.00%,-,-,0,0,-,-,-,-,-,-,-,-,-,Holdikks Sas,Holdikks Sas,Corporate,FRANCE,31.12.2022,Estimate / Valuation,-,-,-,-,-,-,-,-,-,-,-,-,-,-,XS2003586869,1
4,Total,Fixed income,Bonds,EUR - Euro,Fr Sub Casino Guich.per. 05/perp,,162675.001,25 000,EUR,7.41,101.40,-92.69%,2 030,0.01%,24.94%,-92.72%,-92.72%,0.00%,176.80,K42249,FR0010154385,B05KSD3,-,ED7668368 Corp,1 000.00,20.01,4,20.01.2005,20.01.2172,CAA3,-,CA,0.04,0.04,0.00,53.378,3.637,-,2 030,0.01%,2 030,0.01%,2 030,0.01%,-,-,2 030,2 030,-,2 473 496 000,-,-,-,-,-,-,-,Casino Guichard Perrachon Sa,Casino Guichard Perrachon Sa,Corporate,FRANCE,31.03.2023,Mid Price,-,-,-,-,-,-,-,-,-,-,-,-,-,-,FR0010154385,1
2,Total,Fixed income,Convertible and warrant bonds,,,,,-,-,-,-,-,0,0.00%,0.00%,-,-,-,-,-,-,-,-,-,-,-,-,-,-,-,-,-,-,-,-,-,0.000,-,-,-,-,-,-,-,-,-,-,-,-,-,-,-,-,-,-,-,-,-,-,-,-,-,-,-,-,-,-,-,-,-,-,-,-,-,-,-,-,-,0
3,Total,Fixed income,Convertible and warrant bonds,EUR - Euro,,,,-,-,-,-,-,0,0.00%,0.00%,-,-,-,-,-,-,-,-,-,-,-,-,-,-,-,-,-,-,-,-,-,0.000,-,-,-,-,-,-,-,-,-,-,-,-,-,-,-,-,-,-,-,-,-,-,-,-,-,-,-,-,-,-,-,-,-,-,-,-,-,-,-,-,-,0
4,Total,Fixed income,Convertible and warrant bonds,EUR - Euro,1.5% Cv Abengoa Abenew.19/24-pik- S,,,393 522,EUR,0.00,-,-,0,0.00%,0.00%,-,-,-,-,AAEY9Z,XS1978210273,BJ0CJQ7,-,ZS4232360@BVL4 Corp,1.00,30.03,4,26.04.2019,26.04.2024,-,-,-,-,-,-,-,0.000,-,0,0.00%,0,0.00%,0,0.00%,-,-,0,0,-,-,-,-,-,-,-,-,-,Abengoa Abenewco 2 Sau,Abengoa Abenewco 2 Sau,Corporate,SPAIN,31.03.2023,Estimate / Valuation,-,-,-,-,-,-,-,-,-,-,-,-,-,-,XS1978210273,1
5,Total,Fixed income,Convertible and warrant bonds,EUR - Euro,1.5% Cv Abengoa Abenew.19/24-pik- S,1.5% Cv Abengoa Abenew.19/24-pik- S,162306.002,229 565,EUR,0.00,-,-,0,0.00%,0.00%,-,-,-,-,AAEY9Z,XS1978210273,BJ0CJQ7,-,ZS4232360@BVL4 Corp,1.00,30.03,4,26.04.2019,26.04.2024,-,-,-,-,-,-,-,0.000,-,-,-,-,-,-,-,-,-,-,-,-,-,-,-,-,-,-,-,-,Abengoa Abenewco 2 Sau,Abengoa Abenewco 2 Sau,Corporate,SPAIN,31.03.2023,Estimate / Valuation,-,-,-,-,-,-,-,-,-,-,-,-,-,-,XS1978210273,1
5,Total,Fixed income,Convertible and warrant bonds,EUR - Euro,1.5% Cv Abengoa Abenew.19/24-pik- S,1.5% Cv Abengoa Abenew.19/24-pik- S,162675.001,131 104,EUR,0.00,-,-,0,0.00%,0.00%,-,-,-,-,AAEY9Z,XS1978210273,BJ0CJQ7,-,ZS4232360@BVL4 Corp,1.00,30.03,4,26.04.2019,26.04.2024,-,-,-,-,-,-,-,0.000,-,-,-,-,-,-,-,-,-,-,-,-,-,-,-,-,-,-,-,-,Abengoa Abenewco 2 Sau,Abengoa Abenewco 2 Sau,Corporate,SPAIN,31.03.2023,Estimate / Valuation,-,-,-,-,-,-,-,-,-,-,-,-,-,-,XS1978210273,1
5,Total,Fixed income,Convertible and warrant bonds,EUR - Euro,1.5% Cv Abengoa Abenew.19/24-pik- S,1.5% Cv Abengoa Abenew.19/24-pik- S,167966.001,32 853,EUR,0.00,-,-,0,0.00%,0.00%,-,-,-,-,AAEY9Z,XS1978210273,BJ0CJQ7,-,ZS4232360@BVL4 Corp,1.00,30.03,4,26.04.2019,26.04.2024,-,-,-,-,-,-,-,0.000,-,-,-,-,-,-,-,-,-,-,-,-,-,-,-,-,-,-,-,-,Abengoa Abenewco 2 Sau,Abengoa Abenewco 2 Sau,Corporate,SPAIN,31.03.2023,Estimate / Valuation,-,-,-,-,-,-,-,-,-,-,-,-,-,-,XS1978210273,1
4,Total,Fixed income,Convertible and warrant bonds,EUR - Euro,1.50% Cv Abengoa Abenew.19/24-pik-s,,,393 522,EUR,0.00,-,-,0,0.00%,0.00%,-,-,-,-,AAEY8S,XS1978209002,BJ0CJN4,-,ZS4214889@BVL4 Corp,1.00,30.03,4,26.04.2019,26.04.2024,-,-,-,-,-,-,-,1.500,-,0,0.00%,0,0.00%,0,0.00%,-,-,0,0,-,-,-,-,-,-,-,-,-,Abengoa Abenewco 2 Sau,Abengoa Abenewco 2 Sau,Corporate,SPAIN,31.03.2023,Estimate / Valuation,-,-,-,-,-,-,-,-,-,-,-,-,-,-,XS1978209002,1
5,Total,Fixed income,Convertible and warrant bonds,EUR - Euro,1.50% Cv Abengoa Abenew.19/24-pik-s,1.50% Cv Abengoa Abenew.19/24-pik-s,162306.002,229 565,EUR,0.00,-,-,0,0.00%,0.00%,-,-,-,-,AAEY8S,XS1978209002,BJ0CJN4,-,ZS4214889@BVL4 Corp,1.00,30.03,4,26.04.2019,26.04.2024,-,-,-,-,-,-,-,1.500,-,-,-,-,-,-,-,-,-,-,-,-,-,-,-,-,-,-,-,-,Abengoa Abenewco 2 Sau,Abengoa Abenewco 2 Sau,Corporate,SPAIN,31.03.2023,Estimate / Valuation,-,-,-,-,-,-,-,-,-,-,-,-,-,-,XS1978209002,1
5,Total,Fixed income,Convertible and warrant bonds,EUR - Euro,1.50% Cv Abengoa Abenew.19/24-pik-s,1.50% Cv Abengoa Abenew.19/24-pik-s,162675.001,131 104,EUR,0.00,-,-,0,0.00%,0.00%,-,-,-,-,AAEY8S,XS1978209002,BJ0CJN4,-,ZS4214889@BVL4 Corp,1.00,30.03,4,26.04.2019,26.04.2024,-,-,-,-,-,-,-,1.500,-,-,-,-,-,-,-,-,-,-,-,-,-,-,-,-,-,-,-,-,Abengoa Abenewco 2 Sau,Abengoa Abenewco 2 Sau,Corporate,SPAIN,31.03.2023,Estimate / Valuation,-,-,-,-,-,-,-,-,-,-,-,-,-,-,XS1978209002,1
5,Total,Fixed income,Convertible and warrant bonds,EUR - Euro,1.50% Cv Abengoa Abenew.19/24-pik-s,1.50% Cv Abengoa Abenew.19/24-pik-s,167966.001,32 853,EUR,0.00,-,-,0,0.00%,0.00%,-,-,-,-,AAEY8S,XS1978209002,BJ0CJN4,-,ZS4214889@BVL4 Corp,1.00,30.03,4,26.04.2019,26.04.2024,-,-,-,-,-,-,-,1.500,-,-,-,-,-,-,-,-,-,-,-,-,-,-,-,-,-,-,-,-,Abengoa Abenewco 2 Sau,Abengoa Abenewco 2 Sau,Corporate,SPAIN,31.03.2023,Estimate / Valuation,-,-,-,-,-,-,-,-,-,-,-,-,-,-,XS1978209002,1
2,Total,Fixed income,Funds,,,,,-,-,-,-,-,4 031 257,27.97%,99.80%,-,-,-,-,-,-,-,-,-,-,-,-,-,-,-,-,-,-,-,-,-,-,-,-,-,-,-,-,-,-,-,-,-,-,-,-,-,-,-,-,-,-,-,-,-,-,-,-,-,-,-,-,-,-,-,-,-,-,-,-,-,-,-,0
3,Total,Fixed income,Funds,EUR - Euro,,,,-,-,-,-,-,3 619 802,25.11%,89.79%,-,-,-,-,-,-,-,-,-,-,-,-,-,-,-,-,-,-,-,-,-,-,-,-,-,-,-,-,-,-,-,-,-,-,-,-,-,-,-,-,-,-,-,-,-,-,-,-,-,-,-,-,-,-,-,-,-,-,-,-,-,-,-,0
4,Total,Fixed income,Funds,EUR - Euro,Dharmaresearch-dr Gl.cre.a Eur Acc.,,,35 112.626,EUR,94.93,99.57,-4.66%,3 333 242,23.12%,92.08%,-4.86%,-4.86%,0.00%,-,AAEHN7,LU1901202363,-,-,DRGLCRA LX Equity,-,-,-,-,-,-,-,-,-,-,-,-,-,-,3 333 242,23.12%,3 333 242,23.12%,3 333 242,23.12%,-,-,3 333 242,3 333 242,-,-,-,-,-,-,-,-,-,Dharm Dr Glb Cr,Dharm Dr Glb Cr,-,EUROPEAN UNION,31.03.2023,Net Asset Value Final,Weekly,Friday,1,Business days,Previous,14:00,T+2bd,Weekly,Friday,7,Business days,Previous,14:00,T+3bd,LU1901202363,1
5,Total,Fixed income,Funds,EUR - Euro,Dharmaresearch-dr Gl.cre.a Eur Acc.,Dharmaresearch-dr Gl.cre.a Eur Acc.,167966.001,13 507.365,EUR,94.93,99.95,-5.02%,1 282 254,8.90%,35.42%,-5.02%,-5.02%,0.00%,-,AAEHN7,LU1901202363,-,-,DRGLCRA LX Equity,-,-,-,-,-,-,-,-,-,-,-,-,-,-,-,-,-,-,-,-,-,-,-,-,-,-,-,-,-,-,-,-,-,Dharm Dr Glb Cr,Dharm Dr Glb Cr,-,EUROPEAN UNION,31.03.2023,Net Asset Value Final,Weekly,Friday,1,Business days,Previous,14:00,T+2bd,Weekly,Friday,7,Business days,Previous,14:00,T+3bd,LU1901202363,1
5,Total,Fixed income,Funds,EUR - Euro,Dharmaresearch-dr Gl.cre.a Eur Acc.,Dharmaresearch-dr Gl.cre.a Eur Acc.,170312.001,900.000,EUR,94.93,100.00,-5.07%,85 437,0.59%,2.36%,-5.41%,-5.41%,0.00%,-,AAEHN7,LU1901202363,-,-,DRGLCRA LX Equity,-,-,-,-,-,-,-,-,-,-,-,-,-,-,-,-,-,-,-,-,-,-,-,-,-,-,-,-,-,-,-,-,-,Dharm Dr Glb Cr,Dharm Dr Glb Cr,-,EUROPEAN UNION,31.03.2023,Net Asset Value Final,Weekly,Friday,1,Business days,Previous,14:00,T+2bd,Weekly,Friday,7,Business days,Previous,14:00,T+3bd,LU1901202363,1
5,Total,Fixed income,Funds,EUR - Euro,Dharmaresearch-dr Gl.cre.a Eur Acc.,Dharmaresearch-dr Gl.cre.a Eur Acc.,301335.001,20 705.261,EUR,94.93,99.31,-4.41%,1 965 550,13.64%,54.30%,-4.73%,-4.73%,0.00%,-,AAEHN7,LU1901202363,-,-,DRGLCRA LX Equity,-,-,-,-,-,-,-,-,-,-,-,-,-,-,-,-,-,-,-,-,-,-,-,-,-,-,-,-,-,-,-,-,-,Dharm Dr Glb Cr,Dharm Dr Glb Cr,-,EUROPEAN UNION,31.03.2023,Net Asset Value Final,Weekly,Friday,1,Business days,Previous,14:00,T+2bd,Weekly,Friday,7,Business days,Previous,14:00,T+3bd,LU1901202363,1
4,Total,Fixed income,Funds,EUR - Euro,Liontrust Gf-abs.ret.bond A5 Eur H,,,31 382.5215,EUR,9.13,10.00,-8.68%,286 560,1.99%,7.92%,-8.84%,-8.84%,0.00%,-,AAE6R8,IE00BD85PG80,BD85PG8,-,LIARBA5 ID Equity,-,-,-,-,-,-,-,-,-,-,-,-,-,-,286 560,1.99%,286 560,1.99%,286 560,1.99%,-,-,286 560,286 560,-,-,-,-,-,-,-,-,-,Lio Gf Abs Ret,Lio Gf Abs Ret,-,GLOBAL,31.03.2023,Net Asset Value Final,Daily,-,0,Business days,Next,12:59,T+4bd,Daily,-,0,Business days,Next,12:59,T+4bd,IE00BD85PG80,1
5,Total,Fixed income,Funds,EUR - Euro,Liontrust Gf-abs.ret.bond A5 Eur H,Liontrust Gf-abs.ret.bond A5 Eur H,167966.001,11 135.7333,EUR,9.13,10.00,-8.68%,101 683,0.71%,2.81%,-8.68%,-8.68%,0.00%,-,AAE6R8,IE00BD85PG80,BD85PG8,-,LIARBA5 ID Equity,-,-,-,-,-,-,-,-,-,-,-,-,-,-,-,-,-,-,-,-,-,-,-,-,-,-,-,-,-,-,-,-,-,Lio Gf Abs Ret,Lio Gf Abs Ret,-,GLOBAL,31.03.2023,Net Asset Value Final,Daily,-,0,Business days,Next,12:59,T+4bd,Daily,-,0,Business days,Next,12:59,T+4bd,IE00BD85PG80,1
5,Total,Fixed income,Funds,EUR - Euro,Liontrust Gf-abs.ret.bond A5 Eur H,Liontrust Gf-abs.ret.bond A5 Eur H,301335.001,20 246.7882,EUR,9.13,10.00,-8.68%,184 877,1.28%,5.11%,-8.93%,-8.93%,0.00%,-,AAE6R8,IE00BD85PG80,BD85PG8,-,LIARBA5 ID Equity,-,-,-,-,-,-,-,-,-,-,-,-,-,-,-,-,-,-,-,-,-,-,-,-,-,-,-,-,-,-,-,-,-,Lio Gf Abs Ret,Lio Gf Abs Ret,-,GLOBAL,31.03.2023,Net Asset Value Final,Daily,-,0,Business days,Next,12:59,T+4bd,Daily,-,0,Business days,Next,12:59,T+4bd,IE00BD85PG80,1
3,Total,Fixed income,Funds,XTZ - Europe - Miscellaneous,,,,-,-,-,-,-,411 455,2.85%,10.21%,-,-,-,-,-,-,-,-,-,-,-,-,-,-,-,-,-,-,-,-,-,-,-,-,-,-,-,-,-,-,-,-,-,-,-,-,-,-,-,-,-,-,-,-,-,-,-,-,-,-,-,-,-,-,-,-,-,-,-,-,-,-,-,0
4,Total,Fixed income,Funds,XTZ - Europe - Miscellaneous,Arcano-european Income Fd I Ba Eur,,,2 660.731,EUR,154.64,135.80,13.87%,411 455,2.85%,100.00%,13.42%,13.42%,0.00%,-,AA9KQB,LU0646914142,BD8BWY3,-,AREIIBA LX Equity,-,-,-,-,-,-,-,-,-,-,-,-,-,-,411 455,2.85%,411 455,2.85%,411 455,2.85%,-,-,411 455,411 455,-,-,-,-,-,-,-,-,-,Arcano-europ Inc Fd-esg Selec,Arcano-europ Inc Fd-esg Selec,-,Europe - Miscellaneous,31.03.2023,Net Asset Value Final,Bi-monthly,14th of month,0,Business days,Previous,13:00,T+0bd,Bi-monthly,14th of month,10,Business days,Previous,13:00,T+10bd,LU0646914142,1
5,Total,Fixed income,Funds,XTZ - Europe - Miscellaneous,Arcano-european Income Fd I Ba Eur,Arcano-european Income Fd I Ba Eur,167966.001,1 111.687,EUR,154.64,134.93,14.61%,171 911,1.19%,41.78%,13.94%,13.94%,0.00%,-,AA9KQB,LU0646914142,BD8BWY3,-,AREIIBA LX Equity,-,-,-,-,-,-,-,-,-,-,-,-,-,-,-,-,-,-,-,-,-,-,-,-,-,-,-,-,-,-,-,-,-,Arcano-europ Inc Fd-esg Selec,Arcano-europ Inc Fd-esg Selec,-,Europe - Miscellaneous,31.03.2023,Net Asset Value Final,Bi-monthly,14th of month,0,Business days,Previous,13:00,T+0bd,Bi-monthly,14th of month,10,Business days,Previous,13:00,T+10bd,LU0646914142,1
5,Total,Fixed income,Funds,XTZ - Europe - Miscellaneous,Arcano-european Income Fd I Ba Eur,Arcano-european Income Fd I Ba Eur,301335.001,1 549.044,EUR,154.64,136.42,13.35%,239 544,1.66%,58.22%,13.06%,13.06%,0.00%,-,AA9KQB,LU0646914142,BD8BWY3,-,AREIIBA LX Equity,-,-,-,-,-,-,-,-,-,-,-,-,-,-,-,-,-,-,-,-,-,-,-,-,-,-,-,-,-,-,-,-,-,Arcano-europ Inc Fd-esg Selec,Arcano-europ Inc Fd-esg Selec,-,Europe - Miscellaneous,31.03.2023,Net Asset Value Final,Bi-monthly,14th of month,0,Business days,Previous,13:00,T+0bd,Bi-monthly,14th of month,10,Business days,Previous,13:00,T+10bd,LU0646914142,1
1,Total,Equities,,,,,,-,-,-,-,-,3 465 734,24.04%,24.04%,-,-,-,-,-,-,-,-,-,-,-,-,-,-,-,-,-,-,-,-,-,-,-,-,-,-,-,-,-,-,-,-,-,-,-,-,-,-,-,-,-,-,-,-,-,-,-,-,-,-,-,-,-,-,-,-,-,-,-,-,-,-,-,0
2,Total,Equities,Global Markets - World,,,,,-,-,-,-,-,3 024 311,20.98%,87.26%,-,-,-,-,-,-,-,-,-,-,-,-,-,-,-,-,-,-,-,-,-,-,-,-,-,-,-,-,-,-,-,-,-,-,-,-,-,-,-,-,-,-,-,-,-,-,-,-,-,-,-,-,-,-,-,-,-,-,-,-,-,-,-,0
3,Total,Equities,Global Markets - World,,Dharmaresearch-dr Equity A Eur-acc.,,,20 929.486,EUR,144.50,106.10,36.19%,3 024 311,20.98%,100.00%,35.89%,35.89%,0.00%,-,AAEHN2,LU1901202280,-,-,DREQUIA LX Equity,-,-,-,-,-,-,-,-,-,-,-,-,-,-,3 024 311,20.98%,3 024 311,20.98%,3 024 311,20.98%,-,-,3 024 311,3 024 311,-,-,-,-,-,-,-,-,-,Dharma Dr Eq,Dharma Dr Eq,-,GLOBAL,31.03.2023,Net Asset Value Final,Weekly,Friday,1,Business days,Previous,14:00,T+2bd,Weekly,Friday,1,Business days,Previous,14:00,T+3bd,LU1901202280,1
4,Total,Equities,Global Markets - World,,Dharmaresearch-dr Equity A Eur-acc.,Dharmaresearch-dr Equity A Eur-acc.,167966.001,7 617.701,EUR,144.50,110.13,31.21%,1 100 758,7.64%,36.40%,31.21%,31.21%,0.00%,-,AAEHN2,LU1901202280,-,-,DREQUIA LX Equity,-,-,-,-,-,-,-,-,-,-,-,-,-,-,-,-,-,-,-,-,-,-,-,-,-,-,-,-,-,-,-,-,-,Dharma Dr Eq,Dharma Dr Eq,-,GLOBAL,31.03.2023,Net Asset Value Final,Weekly,Friday,1,Business days,Previous,14:00,T+2bd,Weekly,Friday,1,Business days,Previous,14:00,T+3bd,LU1901202280,1
4,Total,Equities,Global Markets - World,,Dharmaresearch-dr Equity A Eur-acc.,Dharmaresearch-dr Equity A Eur-acc.,170312.001,750.000,EUR,144.50,100.00,44.50%,108 375,0.75%,3.58%,43.89%,43.89%,0.00%,-,AAEHN2,LU1901202280,-,-,DREQUIA LX Equity,-,-,-,-,-,-,-,-,-,-,-,-,-,-,-,-,-,-,-,-,-,-,-,-,-,-,-,-,-,-,-,-,-,Dharma Dr Eq,Dharma Dr Eq,-,GLOBAL,31.03.2023,Net Asset Value Final,Weekly,Friday,1,Business days,Previous,14:00,T+2bd,Weekly,Friday,1,Business days,Previous,14:00,T+3bd,LU1901202280,1
4,Total,Equities,Global Markets - World,,Dharmaresearch-dr Equity A Eur-acc.,Dharmaresearch-dr Equity A Eur-acc.,301335.001,12 561.785,EUR,144.50,104.02,38.91%,1 815 178,12.59%,60.02%,38.42%,38.42%,0.00%,-,AAEHN2,LU1901202280,-,-,DREQUIA LX Equity,-,-,-,-,-,-,-,-,-,-,-,-,-,-,-,-,-,-,-,-,-,-,-,-,-,-,-,-,-,-,-,-,-,Dharma Dr Eq,Dharma Dr Eq,-,GLOBAL,31.03.2023,Net Asset Value Final,Weekly,Friday,1,Business days,Previous,14:00,T+2bd,Weekly,Friday,1,Business days,Previous,14:00,T+3bd,LU1901202280,1
2,Total,Equities,Developed Markets - Europe,,,,,-,-,-,-,-,441 423,3.06%,12.74%,-,-,-,-,-,-,-,-,-,-,-,-,-,-,-,-,-,-,-,-,-,-,-,-,-,-,-,-,-,-,-,-,-,-,-,-,-,-,-,-,-,-,-,-,-,-,-,-,-,-,-,-,-,-,-,-,-,-,-,-,-,-,-,0
3,Total,Equities,Developed Markets - Europe,Switzerland,,,,-,-,-,-,-,435 823,3.02%,98.73%,-,-,-,-,-,-,-,-,-,-,-,-,-,-,-,-,-,-,-,-,-,-,-,-,-,-,-,-,-,-,-,-,-,-,-,-,-,-,-,-,-,-,-,-,-,-,-,-,-,-,-,-,-,-,-,-,-,-,-,-,-,-,-,0
4,Total,Equities,Developed Markets - Europe,Switzerland,Aevis Victoria,,,18 000,CHF,18.45,9.90,86.33%,334 601,2.32%,76.77%,105.12%,94.48%,10.64%,-,AAF1RZ,CH0478634105,BKBDPW4,-,AEVS SW Equity,-,-,-,-,-,-,-,-,-,-,-,-,-,-,334 601,2.32%,334 601,2.32%,334 601,2.32%,-,-,334 601,334 601,1 176 741 717,1 289 211 000,1 555 341 000,1 703 995 615,0.51,4.47,18.40,-297.63,4.23,Aevis Victoria Sa,Aevis Victoria Sa,-,SWITZERLAND,31.03.2023,Last paid price,-,-,-,-,-,-,-,-,-,-,-,-,-,-,CH0478634105,1
5,Total,Equities,Developed Markets - Europe,Switzerland,Aevis Victoria,Aevis Victoria,162675.001,13 000,CHF,18.45,9.94,85.60%,241 656,1.68%,55.45%,104.78%,93.83%,10.95%,-,AAF1RZ,CH0478634105,BKBDPW4,-,AEVS SW Equity,-,-,-,-,-,-,-,-,-,-,-,-,-,-,-,-,-,-,-,-,-,-,-,-,1 176 741 717,1 289 211 000,1 555 341 000,1 703 995 615,0.51,4.47,18.40,-297.63,4.23,Aevis Victoria Sa,Aevis Victoria Sa,-,SWITZERLAND,31.03.2023,Last paid price,-,-,-,-,-,-,-,-,-,-,-,-,-,-,CH0478634105,1
5,Total,Equities,Developed Markets - Europe,Switzerland,Aevis Victoria,Aevis Victoria,301335.001,5 000,CHF,18.45,9.80,88.27%,92 945,0.64%,21.33%,106.00%,96.16%,9.84%,-,AAF1RZ,CH0478634105,BKBDPW4,-,AEVS SW Equity,-,-,-,-,-,-,-,-,-,-,-,-,-,-,-,-,-,-,-,-,-,-,-,-,1 176 741 717,1 289 211 000,1 555 341 000,1 703 995 615,0.51,4.47,18.40,-297.63,4.23,Aevis Victoria Sa,Aevis Victoria Sa,-,SWITZERLAND,31.03.2023,Last paid price,-,-,-,-,-,-,-,-,-,-,-,-,-,-,CH0478634105,1
4,Total,Equities,Developed Markets - Europe,Switzerland,Roche Holding D.right,,162675.001,385,CHF,260.95,141.20,84.81%,101 222,0.70%,23.23%,120.51%,100.62%,19.90%,-,C03204,CH0012032048,7110388,-,ROG SW Equity,-,-,-,-,-,-,-,-,-,-,-,-,-,-,101 222,0.70%,101 222,0.70%,101 222,0.70%,-,-,101 222,101 222,299 370 871 090,327 983 800 000,182 877 000 000,200 355 810 084,22.45,3.64,260.30,21.86,6.11,Roche Holding Ltd,Roche Holding Ltd,-,SWITZERLAND,31.03.2023,Last paid price,-,-,-,-,-,-,-,-,-,-,-,-,-,-,CH0012032048,1
3,Total,Equities,Developed Markets - Europe,Spain,,,,-,-,-,-,-,0,0.00%,0.00%,-,-,-,-,-,-,-,-,-,-,-,-,-,-,-,-,-,-,-,-,-,-,-,-,-,-,-,-,-,-,-,-,-,-,-,-,-,-,-,-,-,-,-,-,-,-,-,-,-,-,-,-,-,-,-,-,-,-,-,-,-,-,-,0
4,Total,Equities,Developed Markets - Europe,Spain,Abengoa 'a',,,102 031,EUR,0.00,2.08,-100.00%,0,0.00%,0.00%,-100.00%,-100.00%,0.00%,-,C68457,ES0105200416,B02T9R4,-,ABG SM Equity,-,-,-,-,-,-,-,-,-,-,-,-,-,-,0,0.00%,0,0.00%,0,0.00%,-,-,0,0,304 938 671,359 208 000,26 100 390,30 745 424,0.00,0.00,0.02,-0.70,-0.06,Abengoa Sa,Abengoa Sa,-,SPAIN,01.04.2021,Estimate / Valuation,-,-,-,-,-,-,-,-,-,-,-,-,-,-,ES0105200416,1
5,Total,Equities,Developed Markets - Europe,Spain,Abengoa 'a',Abengoa 'a',162306.002,59 485,EUR,0.00,2.08,-100.00%,0,0.00%,0.00%,-100.00%,-100.00%,0.00%,-,C68457,ES0105200416,B02T9R4,-,ABG SM Equity,-,-,-,-,-,-,-,-,-,-,-,-,-,-,-,-,-,-,-,-,-,-,-,-,304 938 671,359 208 000,26 100 390,30 745 424,0.00,0.00,0.02,-0.70,-0.06,Abengoa Sa,Abengoa Sa,-,SPAIN,01.04.2021,Estimate / Valuation,-,-,-,-,-,-,-,-,-,-,-,-,-,-,ES0105200416,1
5,Total,Equities,Developed Markets - Europe,Spain,Abengoa 'a',Abengoa 'a',162675.001,34 022,EUR,0.00,2.09,-100.00%,0,0.00%,0.00%,-100.00%,-100.00%,0.00%,-,C68457,ES0105200416,B02T9R4,-,ABG SM Equity,-,-,-,-,-,-,-,-,-,-,-,-,-,-,-,-,-,-,-,-,-,-,-,-,304 938 671,359 208 000,26 100 390,30 745 424,0.00,0.00,0.02,-0.70,-0.06,Abengoa Sa,Abengoa Sa,-,SPAIN,01.04.2021,Estimate / Valuation,-,-,-,-,-,-,-,-,-,-,-,-,-,-,ES0105200416,1
5,Total,Equities,Developed Markets - Europe,Spain,Abengoa 'a',Abengoa 'a',167966.001,8 524,EUR,0.00,2.10,-100.00%,0,0.00%,0.00%,-100.00%,-100.00%,0.00%,-,C68457,ES0105200416,B02T9R4,-,ABG SM Equity,-,-,-,-,-,-,-,-,-,-,-,-,-,-,-,-,-,-,-,-,-,-,-,-,304 938 671,359 208 000,26 100 390,30 745 424,0.00,0.00,0.02,-0.70,-0.06,Abengoa Sa,Abengoa Sa,-,SPAIN,01.04.2021,Estimate / Valuation,-,-,-,-,-,-,-,-,-,-,-,-,-,-,ES0105200416,1
4,Total,Equities,Developed Markets - Europe,Spain,Abengoa 'b',,,1 055 055,EUR,0.00,0.91,-100.00%,0,0.00%,0.00%,-100.00%,-100.00%,0.00%,-,AA8R70,ES0105200002,B9J6788,-,ABG/P SM Equity,-,-,-,-,-,-,-,-,-,-,-,-,-,-,0,0.00%,0,0.00%,0,0.00%,-,-,0,0,304 938 671,359 208 000,106 732 900,125 727 942,0.00,0.00,0.01,-0.27,-0.02,Abengoa Sa,Abengoa Sa,-,SPAIN,10.03.2021,Last paid price,-,-,-,-,-,-,-,-,-,-,-,-,-,-,ES0105200002,1
5,Total,Equities,Developed Markets - Europe,Spain,Abengoa 'b',Abengoa 'b',162306.002,615 100,EUR,0.00,0.91,-100.00%,0,0.00%,0.00%,-100.00%,-100.00%,0.00%,-,AA8R70,ES0105200002,B9J6788,-,ABG/P SM Equity,-,-,-,-,-,-,-,-,-,-,-,-,-,-,-,-,-,-,-,-,-,-,-,-,304 938 671,359 208 000,106 732 900,125 727 942,0.00,0.00,0.01,-0.27,-0.02,Abengoa Sa,Abengoa Sa,-,SPAIN,10.03.2021,Last paid price,-,-,-,-,-,-,-,-,-,-,-,-,-,-,ES0105200002,1
5,Total,Equities,Developed Markets - Europe,Spain,Abengoa 'b',Abengoa 'b',162675.001,351 812,EUR,0.00,0.91,-100.00%,0,0.00%,0.00%,-100.00%,-100.00%,0.00%,-,AA8R70,ES0105200002,B9J6788,-,ABG/P SM Equity,-,-,-,-,-,-,-,-,-,-,-,-,-,-,-,-,-,-,-,-,-,-,-,-,304 938 671,359 208 000,106 732 900,125 727 942,0.00,0.00,0.01,-0.27,-0.02,Abengoa Sa,Abengoa Sa,-,SPAIN,10.03.2021,Last paid price,-,-,-,-,-,-,-,-,-,-,-,-,-,-,ES0105200002,1
5,Total,Equities,Developed Markets - Europe,Spain,Abengoa 'b',Abengoa 'b',167966.001,88 143,EUR,0.00,0.91,-100.00%,0,0.00%,0.00%,-100.00%,-100.00%,0.00%,-,AA8R70,ES0105200002,B9J6788,-,ABG/P SM Equity,-,-,-,-,-,-,-,-,-,-,-,-,-,-,-,-,-,-,-,-,-,-,-,-,304 938 671,359 208 000,106 732 900,125 727 942,0.00,0.00,0.01,-0.27,-0.02,Abengoa Sa,Abengoa Sa,-,SPAIN,10.03.2021,Last paid price,-,-,-,-,-,-,-,-,-,-,-,-,-,-,ES0105200002,1
3,Total,Equities,Developed Markets - Europe,France,,,,-,-,-,-,-,5 600,0.04%,1.27%,-,-,-,-,-,-,-,-,-,-,-,-,-,-,-,-,-,-,-,-,-,-,-,-,-,-,-,-,-,-,-,-,-,-,-,-,-,-,-,-,-,-,-,-,-,-,-,-,-,-,-,-,-,-,-,-,-,-,-,-,-,-,-,0
4,Total,Equities,Developed Markets - Europe,France,Reworld Media,,162675.001,1 000,EUR,5.60,12.08,-53.64%,5 600,0.04%,100.00%,-54.14%,-54.14%,0.00%,-,AAC98Z,FR0010820274,B5B4FM2,-,ALREW FP Equity,-,-,-,-,-,-,-,-,-,-,-,-,-,-,5 600,0.04%,5 600,0.04%,5 600,0.04%,-,-,5 600,5 600,406 629 592,442 755 000,327 266 600,356 341 315,0.65,0.00,5.79,13.03,3.08,Reworld Media,Reworld Media,-,FRANCE,31.03.2023,Last paid price,-,-,-,-,-,-,-,-,-,-,-,-,-,-,FR0010820274,1
1,Total,Alternative investments,,,,,,-,-,-,-,-,1 894 697,13.14%,13.14%,-,-,-,-,-,-,-,-,-,-,-,-,-,-,-,-,-,-,-,-,-,-,1.00000,-,-,-,-,-,-,-,-,-,-,-,-,-,-,-,-,-,-,-,-,-,-,-,-,-,-,-,-,-,-,-,-,-,-,-,-,-,-,-,-,0
2,Total,Alternative investments,Hedge Funds,,,,,-,-,-,-,-,1 443 977,10.02%,76.21%,-,-,-,-,-,-,-,-,-,-,-,-,-,-,-,-,-,-,-,-,-,-,-,-,-,-,-,-,-,-,-,-,-,-,-,-,-,-,-,-,-,-,-,-,-,-,-,-,-,-,-,-,-,-,-,-,-,-,-,-,-,-,-,0
3,Total,Alternative investments,Hedge Funds,Arbitrage Multi Strategy,,,,-,-,-,-,-,727 447,5.05%,50.38%,-,-,-,-,-,-,-,-,-,-,-,-,-,-,-,-,-,-,-,-,-,-,-,-,-,-,-,-,-,-,-,-,-,-,-,-,-,-,-,-,-,-,-,-,-,-,-,-,-,-,-,-,-,-,-,-,-,-,-,-,-,-,-,0
4,Total,Alternative investments,Hedge Funds,Arbitrage Multi Strategy,Europ.sec.lend.-dir.lend.a Eur-acc-,,,5 812.60,EUR,125.15,107.53,16.39%,727 447,5.05%,100.00%,15.83%,15.83%,0.00%,-,AAE6SX,LU1693257310,BKRSF01,-,ESLDILA LX Equity,-,-,-,-,-,-,-,-,-,-,-,-,-,-,727 447,5.05%,727 447,5.05%,727 447,5.05%,-,-,727 447,727 447,-,-,-,-,-,-,-,-,-,Esl Dir Len,Esl Dir Len,-,Europe - Miscellaneous,28.02.2023,Net Asset Value Final,Monthly,31st of month,2,Business days,Previous,12:00,T-2bd,Monthly,30th of month,90,Business days,Previous,12:00,T+21bd,LU1693257310,1
5,Total,Alternative investments,Hedge Funds,Arbitrage Multi Strategy,Europ.sec.lend.-dir.lend.a Eur-acc-,Europ.sec.lend.-dir.lend.a Eur-acc-,167966.001,1 207.37,EUR,125.15,103.53,20.88%,151 102,1.05%,20.77%,20.88%,20.88%,0.00%,-,AAE6SX,LU1693257310,BKRSF01,-,ESLDILA LX Equity,-,-,-,-,-,-,-,-,-,-,-,-,-,-,-,-,-,-,-,-,-,-,-,-,-,-,-,-,-,-,-,-,-,Esl Dir Len,Esl Dir Len,-,Europe - Miscellaneous,28.02.2023,Net Asset Value Final,Monthly,31st of month,2,Business days,Previous,12:00,T-2bd,Monthly,30th of month,90,Business days,Previous,12:00,T+21bd,LU1693257310,1
5,Total,Alternative investments,Hedge Funds,Arbitrage Multi Strategy,Europ.sec.lend.-dir.lend.a Eur-acc-,Europ.sec.lend.-dir.lend.a Eur-acc-,301335.001,4 605.23,EUR,125.15,108.57,15.27%,576 345,4.00%,79.23%,14.58%,14.58%,0.00%,-,AAE6SX,LU1693257310,BKRSF01,-,ESLDILA LX Equity,-,-,-,-,-,-,-,-,-,-,-,-,-,-,-,-,-,-,-,-,-,-,-,-,-,-,-,-,-,-,-,-,-,Esl Dir Len,Esl Dir Len,-,Europe - Miscellaneous,28.02.2023,Net Asset Value Final,Monthly,31st of month,2,Business days,Previous,12:00,T-2bd,Monthly,30th of month,90,Business days,Previous,12:00,T+21bd,LU1693257310,1
3,Total,Alternative investments,Hedge Funds,Long/Short Equity,,,,-,-,-,-,-,61 479,0.43%,4.26%,-,-,-,-,-,-,-,-,-,-,-,-,-,-,-,-,-,-,-,-,-,-,-,-,-,-,-,-,-,-,-,-,-,-,-,-,-,-,-,-,-,-,-,-,-,-,-,-,-,-,-,-,-,-,-,-,-,-,-,-,-,-,-,0
4,Total,Alternative investments,Hedge Funds,Long/Short Equity,Ll Asset Ltd (spv) D Eur,,,1 267.27000,EUR,15.20,243.33,-93.75%,19 259,0.13%,31.33%,-93.75%,-93.75%,0.00%,-,AABY6T,VGG5532C1288,-,-,-,-,-,-,-,-,-,-,-,-,-,-,-,-,-,19 259,0.13%,19 259,0.13%,19 259,0.13%,-,-,19 259,19 259,-,-,-,-,-,-,-,-,-,Ll Assets,Ll Assets,-,Global - Developed,31.12.2022,Net Asset Value Final,-,-,-,-,-,-,-,-,-,-,-,-,-,-,VGG5532C1288,1
5,Total,Alternative investments,Hedge Funds,Long/Short Equity,Ll Asset Ltd (spv) D Eur,Ll Asset Ltd (spv) D Eur,162306.002,921.64700,EUR,15.20,171.83,-91.16%,14 006,0.10%,22.78%,-91.16%,-91.16%,0.00%,-,AABY6T,VGG5532C1288,-,-,-,-,-,-,-,-,-,-,-,-,-,-,-,-,-,-,-,-,-,-,-,-,-,-,-,-,-,-,-,-,-,-,-,-,Ll Assets,Ll Assets,-,Global - Developed,31.12.2022,Net Asset Value Final,-,-,-,-,-,-,-,-,-,-,-,-,-,-,VGG5532C1288,1
5,Total,Alternative investments,Hedge Funds,Long/Short Equity,Ll Asset Ltd (spv) D Eur,Ll Asset Ltd (spv) D Eur,167966.001,345.62300,EUR,15.20,434.00,-96.50%,5 252,0.04%,8.54%,-96.50%,-96.50%,0.00%,-,AABY6T,VGG5532C1288,-,-,-,-,-,-,-,-,-,-,-,-,-,-,-,-,-,-,-,-,-,-,-,-,-,-,-,-,-,-,-,-,-,-,-,-,Ll Assets,Ll Assets,-,Global - Developed,31.12.2022,Net Asset Value Final,-,-,-,-,-,-,-,-,-,-,-,-,-,-,VGG5532C1288,1
4,Total,Alternative investments,Hedge Funds,Long/Short Equity,Ll Asset Ltd (spv) F Eur,,,843.50900,EUR,47.90,368.34,-87.00%,40 403,0.28%,65.72%,-87.04%,-87.04%,0.00%,-,AABX8B,VGG5532C1361,-,-,-,-,-,-,-,-,-,-,-,-,-,-,-,-,-,40 403,0.28%,40 403,0.28%,40 403,0.28%,-,-,40 403,40 403,-,-,-,-,-,-,-,-,-,Ll Assets,Ll Assets,-,Global - Developed,31.12.2022,Net Asset Value Final,-,-,-,-,-,-,-,-,-,-,-,-,-,-,VGG5532C1361,1
5,Total,Alternative investments,Hedge Funds,Long/Short Equity,Ll Asset Ltd (spv) F Eur,Ll Asset Ltd (spv) F Eur,162306.002,351.46200,EUR,47.90,155.59,-69.22%,16 835,0.12%,27.38%,-69.22%,-69.22%,0.00%,-,AABX8B,VGG5532C1361,-,-,-,-,-,-,-,-,-,-,-,-,-,-,-,-,-,-,-,-,-,-,-,-,-,-,-,-,-,-,-,-,-,-,-,-,Ll Assets,Ll Assets,-,Global - Developed,31.12.2022,Net Asset Value Final,-,-,-,-,-,-,-,-,-,-,-,-,-,-,VGG5532C1361,1
5,Total,Alternative investments,Hedge Funds,Long/Short Equity,Ll Asset Ltd (spv) F Eur,Ll Asset Ltd (spv) F Eur,162675.001,492.04700,EUR,47.90,520.30,-90.79%,23 569,0.16%,38.34%,-90.83%,-90.83%,0.00%,-,AABX8B,VGG5532C1361,-,-,-,-,-,-,-,-,-,-,-,-,-,-,-,-,-,-,-,-,-,-,-,-,-,-,-,-,-,-,-,-,-,-,-,-,Ll Assets,Ll Assets,-,Global - Developed,31.12.2022,Net Asset Value Final,-,-,-,-,-,-,-,-,-,-,-,-,-,-,VGG5532C1361,1
4,Total,Alternative investments,Hedge Funds,Long/Short Equity,Ll Assets G(spv),,162306.002,275.085,EUR,6.61,233.60,-97.17%,1 817,0.01%,2.96%,-97.17%,-97.17%,0.00%,-,AAANAB,VGG5532C1445,-,-,-,-,-,-,-,-,-,-,-,-,-,-,-,-,-,1 817,0.01%,1 817,0.01%,1 817,0.01%,-,-,1 817,1 817,-,-,-,-,-,-,-,-,-,Ll Assets,Ll Assets,-,Global - Developed,31.12.2022,Net Asset Value Final,-,-,-,-,-,-,-,-,-,-,-,-,-,-,VGG5532C1445,1
3,Total,Alternative investments,Hedge Funds,Fund of funds,,,,-,-,-,-,-,360 514,2.50%,24.97%,-,-,-,-,-,-,-,-,-,-,-,-,-,-,-,-,-,-,-,-,-,-,-,-,-,-,-,-,-,-,-,-,-,-,-,-,-,-,-,-,-,-,-,-,-,-,-,-,-,-,-,-,-,-,-,-,-,-,-,-,-,-,-,0
4,Total,Alternative investments,Hedge Funds,Fund of funds,Prima Capital Fund D Eur,,,1 168.490,EUR,308.53,350.88,-12.07%,360 514,2.50%,100.00%,-12.45%,-12.45%,0.00%,-,AA3RCO,VGG7238P1146,B0C02K1,-,PRMCAPD VI Equity,-,-,-,-,-,-,-,-,-,-,-,-,-,-,360 514,2.50%,360 514,2.50%,360 514,2.50%,-,-,360 514,360 514,-,-,-,-,-,-,-,-,-,Prima Cap Fd,Prima Cap Fd,-,Global - Developed,24.03.2023,Net Asset Value Final,Monthly,1st of month,2,Business days,Previous,14:00,T-2bd,Monthly,30th of month,35,Calendar days,Previous,14:00,T+12bd,VGG7238P1146,1
5,Total,Alternative investments,Hedge Funds,Fund of funds,Prima Capital Fund D Eur,Prima Capital Fund D Eur,167966.001,313.497,EUR,308.53,350.88,-12.07%,96 723,0.67%,26.83%,-12.07%,-12.07%,0.00%,-,AA3RCO,VGG7238P1146,B0C02K1,-,PRMCAPD VI Equity,-,-,-,-,-,-,-,-,-,-,-,-,-,-,-,-,-,-,-,-,-,-,-,-,-,-,-,-,-,-,-,-,-,Prima Cap Fd,Prima Cap Fd,-,Global - Developed,24.03.2023,Net Asset Value Final,Monthly,1st of month,2,Business days,Previous,14:00,T-2bd,Monthly,30th of month,35,Calendar days,Previous,14:00,T+12bd,VGG7238P1146,1
5,Total,Alternative investments,Hedge Funds,Fund of funds,Prima Capital Fund D Eur,Prima Capital Fund D Eur,301335.001,854.993,EUR,308.53,350.88,-12.07%,263 791,1.83%,73.17%,-12.59%,-12.59%,0.00%,-,AA3RCO,VGG7238P1146,B0C02K1,-,PRMCAPD VI Equity,-,-,-,-,-,-,-,-,-,-,-,-,-,-,-,-,-,-,-,-,-,-,-,-,-,-,-,-,-,-,-,-,-,Prima Cap Fd,Prima Cap Fd,-,Global - Developed,24.03.2023,Net Asset Value Final,Monthly,1st of month,2,Business days,Previous,14:00,T-2bd,Monthly,30th of month,35,Calendar days,Previous,14:00,T+12bd,VGG7238P1146,1
3,Total,Alternative investments,Hedge Funds,Miscellaneous,,,,-,-,-,-,-,294 537,2.04%,20.40%,-,-,-,-,-,-,-,-,-,-,-,-,-,-,-,-,-,-,-,-,-,-,-,-,-,-,-,-,-,-,-,-,-,-,-,-,-,-,-,-,-,-,-,-,-,-,-,-,-,-,-,-,-,-,-,-,-,-,-,-,-,-,-,0
4,Total,Alternative investments,Hedge Funds,Miscellaneous,Peters T.-o.r.r.r.sp C Usd 02282023,,,320.0000,USD,1 000.00,1 000.00,-,294 537,2.04%,100.00%,-2.60%,-0.42%,-2.18%,-,AB5QJ4,ZZ00AB5QJ4 0,-,-,-,-,-,-,-,-,-,-,-,-,-,-,-,-,-,294 537,2.04%,294 537,2.04%,294 537,2.04%,-,-,294 537,294 537,-,-,-,-,-,-,-,-,-,Peters Thematic Spc Fund Ltd,Peters Thematic Spc Fund Ltd,-,GLOBAL,01.03.2023,Net Asset Value Final,Monthly,31st of month,3,Business days,Previous,18:00,T-1bd,Monthly,30th of month,5,Business days,Previous,18:00,T+15cd for 97% balance asap after final audit.,ZZ00AB5QJ4 0,1
5,Total,Alternative investments,Hedge Funds,Miscellaneous,Peters T.-o.r.r.r.sp C Usd 02282023,Peters T.-o.r.r.r.sp C Usd 02282023,167966.001,120.0000,USD,1 000.00,1 000.00,-,110 451,0.77%,37.50%,-2.18%,0.00%,-2.18%,-,AB5QJ4,ZZ00AB5QJ4 0,-,-,-,-,-,-,-,-,-,-,-,-,-,-,-,-,-,-,-,-,-,-,-,-,-,-,-,-,-,-,-,-,-,-,-,-,Peters Thematic Spc Fund Ltd,Peters Thematic Spc Fund Ltd,-,GLOBAL,01.03.2023,Net Asset Value Final,Monthly,31st of month,3,Business days,Previous,18:00,T-1bd,Monthly,30th of month,5,Business days,Previous,18:00,T+15cd for 97% balance asap after final audit.,ZZ00AB5QJ4 0,1
5,Total,Alternative investments,Hedge Funds,Miscellaneous,Peters T.-o.r.r.r.sp C Usd 02282023,Peters T.-o.r.r.r.sp C Usd 02282023,301335.001,200.0000,USD,1 000.00,1 000.00,-,184 086,1.28%,62.50%,-2.85%,-0.67%,-2.18%,-,AB5QJ4,ZZ00AB5QJ4 0,-,-,-,-,-,-,-,-,-,-,-,-,-,-,-,-,-,-,-,-,-,-,-,-,-,-,-,-,-,-,-,-,-,-,-,-,Peters Thematic Spc Fund Ltd,Peters Thematic Spc Fund Ltd,-,GLOBAL,01.03.2023,Net Asset Value Final,Monthly,31st of month,3,Business days,Previous,18:00,T-1bd,Monthly,30th of month,5,Business days,Previous,18:00,T+15cd for 97% balance asap after final audit.,ZZ00AB5QJ4 0,1
2,Total,Alternative investments,Structured Products,,,,,-,-,-,-,-,450 720,3.13%,23.79%,-,-,-,-,-,-,-,-,-,-,-,-,-,-,-,-,-,-,-,-,-,-,1.00000,-,-,-,-,-,-,-,-,-,-,-,-,-,-,-,-,-,-,-,-,-,-,-,-,-,-,-,-,-,-,-,-,-,-,-,-,-,-,-,-,0
3,Total,Alternative investments,Structured Products,,Gold(deutsche B.)-etc-cert.07/perp.,,,7 700,EUR,58.54,56.07,4.40%,450 720,3.13%,100.00%,4.19%,4.19%,0.00%,-,AA3P0F,DE000A0S9GB0,B2NJ7M8,-,4GLD GY Equity,-,-,-,-,-,-,-,-,-,-,-,-,-,1.00000,450 720,3.13%,450 720,3.13%,450 720,3.13%,-,-,450 720,450 720,-,-,-,-,-,-,-,-,-,Dt Boerse Com.,Prec Metal & Stones,-,Precious metals and coins,31.03.2023,Last paid price,-,-,-,-,-,-,-,-,-,-,-,-,-,-,DE000A0S9GB0,1
4,Total,Alternative investments,Structured Products,,Gold(deutsche B.)-etc-cert.07/perp.,Gold(deutsche B.)-etc-cert.07/perp.,167966.001,3 300,EUR,58.54,56.08,4.39%,193 166,1.34%,42.86%,4.31%,4.31%,0.00%,-,AA3P0F,DE000A0S9GB0,B2NJ7M8,-,4GLD GY Equity,-,-,-,-,-,-,-,-,-,-,-,-,-,1.00000,-,-,-,-,-,-,-,-,-,-,-,-,-,-,-,-,-,-,-,Dt Boerse Com.,Prec Metal & Stones,-,Precious metals and coins,31.03.2023,Last paid price,-,-,-,-,-,-,-,-,-,-,-,-,-,-,DE000A0S9GB0,1
4,Total,Alternative investments,Structured Products,,Gold(deutsche B.)-etc-cert.07/perp.,Gold(deutsche B.)-etc-cert.07/perp.,301335.001,4 400,EUR,58.54,56.06,4.41%,257 554,1.79%,57.14%,4.09%,4.09%,0.00%,-,AA3P0F,DE000A0S9GB0,B2NJ7M8,-,4GLD GY Equity,-,-,-,-,-,-,-,-,-,-,-,-,-,1.00000,-,-,-,-,-,-,-,-,-,-,-,-,-,-,-,-,-,-,-,Dt Boerse Com.,Prec Metal & Stones,-,Precious metals and coins,31.03.2023,Last paid price,-,-,-,-,-,-,-,-,-,-,-,-,-,-,DE000A0S9GB0,1
1,Total,Precious Metals,,,,,,-,-,-,-,-,209 230,1.45%,1.45%,-,-,-,-,-,-,-,-,-,-,-,-,-,-,-,-,-,-,-,-,-,-,0.00000,-,-,-,-,-,-,-,-,-,-,-,-,-,-,-,-,-,-,-,-,-,-,-,-,-,-,-,-,-,-,-,-,-,-,-,-,-,-,-,-,0
2,Total,Precious Metals,Metal accounts,,,,,-,-,-,-,-,209 230,1.45%,100.00%,-,-,-,-,-,-,-,-,-,-,-,-,-,-,-,-,-,-,-,-,-,-,0.00000,-,-,-,-,-,-,-,-,-,-,-,-,-,-,-,-,-,-,-,-,-,-,-,-,-,-,-,-,-,-,-,-,-,-,-,-,-,-,-,-,0
3,Total,Precious Metals,Metal accounts,,Xau Metal Account,,162675.001,115.000,XAU,-,-,-,209 230,1.45%,100.00%,-,-,-,-,-,MET.XAU.EOQ.METALL,-,-,-,-,-,-,-,-,-,-,-,-,-,-,-,-,-,209 230,1.45%,209 230,1.45%,209 230,1.45%,-,-,209 230,209 230,-,-,-,-,-,-,-,-,-,Pictet & Cie (europe) Sa,Pictet & Cie (europe) Sa,-,LUXEMBOURG,-,-,-,-,-,-,-,-,-,-,-,-,-,-,-,-,MET.XAU.EOQ.METALL,1
1,Total,Mixed funds,,,,,,-,-,-,-,-,322 270,2.24%,2.24%,-,-,-,-,-,-,-,-,-,-,-,-,-,-,-,-,-,-,-,-,-,-,-,-,-,-,-,-,-,-,-,-,-,-,-,-,-,-,-,-,-,-,-,-,-,-,-,-,-,-,-,-,-,-,-,-,-,-,-,-,-,-,-,0
2,Total,Mixed funds,,,Montlake-alphaquest Instit.eur,,,3 317.9432,EUR,97.13,88.27,10.04%,322 270,2.24%,100.00%,9.70%,9.70%,0.00%,-,AB0AOY,IE00BD08G390,BD08G39,-,MLAQSEI ID Equity,-,-,-,-,-,-,-,-,-,-,-,-,-,-,322 270,2.24%,322 270,2.24%,322 270,2.24%,-,-,322 270,322 270,-,-,-,-,-,-,-,-,-,Montlak Alpque,Montlak Alpque,-,GLOBAL,31.03.2023,Net Asset Value Final,Daily,-,1,Business days,Next,14:00,T+3bd,Daily,-,1,Business days,Next,14:00,T+3bd (max T+10bd),IE00BD08G390,1
3,Total,Mixed funds,,,Montlake-alphaquest Instit.eur,Montlake-alphaquest Instit.eur,167966.001,1 216.5793,EUR,97.13,88.27,10.04%,118 165,0.82%,36.67%,10.04%,10.04%,0.00%,-,AB0AOY,IE00BD08G390,BD08G39,-,MLAQSEI ID Equity,-,-,-,-,-,-,-,-,-,-,-,-,-,-,-,-,-,-,-,-,-,-,-,-,-,-,-,-,-,-,-,-,-,Montlak Alpque,Montlak Alpque,-,GLOBAL,31.03.2023,Net Asset Value Final,Daily,-,1,Business days,Next,14:00,T+3bd,Daily,-,1,Business days,Next,14:00,T+3bd (max T+10bd),IE00BD08G390,1
3,Total,Mixed funds,,,Montlake-alphaquest Instit.eur,Montlake-alphaquest Instit.eur,301335.001,2 101.3639,EUR,97.13,88.27,10.04%,204 104,1.42%,63.33%,9.51%,9.51%,0.00%,-,AB0AOY,IE00BD08G390,BD08G39,-,MLAQSEI ID Equity,-,-,-,-,-,-,-,-,-,-,-,-,-,-,-,-,-,-,-,-,-,-,-,-,-,-,-,-,-,-,-,-,-,Montlak Alpque,Montlak Alpque,-,GLOBAL,31.03.2023,Net Asset Value Final,Daily,-,1,Business days,Next,14:00,T+3bd,Daily,-,1,Business days,Next,14:00,T+3bd (max T+10bd),IE00BD08G390,1
1,Total,Others,,,,,,-,-,-,-,-,0,0.00%,0.00%,-,-,-,-,-,-,-,-,-,-,-,-,-,-,-,-,-,-,-,-,-,-,0.00000,-,-,-,-,-,-,-,-,-,-,-,-,-,-,-,-,-,-,-,-,-,-,-,-,-,-,-,-,-,-,-,-,-,-,-,-,-,-,-,-,0
2,Total,Others,Limits,,,,,-,-,-,-,-,0,0.00%,0.00%,-,-,-,-,-,-,-,-,-,-,-,-,-,-,-,-,-,-,-,-,-,-,0.00000,-,-,-,-,-,-,-,-,-,-,-,-,-,-,-,-,-,-,-,-,-,-,-,-,-,-,-,-,-,-,-,-,-,-,-,-,-,-,-,-,0
3,Total,Others,Limits,,Fixed Advance Limit Eur 11.11.2021-11.11.2023,,167966.002,700 000.00,EUR,-,-,-,0,0.00%,0.00%,-,-,-,-,-,ZZ00WNC9GH 0,-,-,-,-,-,-,-,11.11.2023,-,-,-,-,-,-,-,-,-,0,0.00%,0,0.00%,0,0.00%,-,-,0,0,-,-,-,-,-,-,-,-,-,Bu Lux,Bu Lux,-,LUXEMBOURG,-,-,-,-,-,-,-,-,-,-,-,-,-,-,-,-,ZZ00WNC9GH 0,1
,,,,,,,,,,,,,,,,,,,,,,,,,,,,,,,,,,,,,,,,,,,,,,,,,,,,,,,,,,,,,,,,,,,,,,,,,,,,,,,
,,,,,,,,,,,,,,,,,,,,,,,,,,,,,,,,,,,,,,,,,,,,,,,,,,,,,,,,,,,,,,,,,,,,,,,,,,,,,,,
"Data exported from Pictet Connect are confidential and may be used only by those people who have access to such Pictet Connect data. Banque Pictet & Cie SA is not responsible for the use, transmission or exploitation of data that have been exported from Pictet Connect by the person who has access to this service. As such, the reproduction, distribution, copy, disclosure, modification and/or publication in any form of any data exported from Pictet Connect is solely the responsibility of the person who has access to Pictet Connect, and Banque Pictet & Cie SA is released of any liability in respect thereof.",,,,,,,,,,,,,,,,,,,,,,,,,,,,,,,,,,,,,,,,,,,,,,,,,,,,,,,,,,,,,,,,,,,,,,,,,,,,,,,
,,,,,,,,,,,,,,,,,,,,,,,,,,,,,,,,,,,,,,,,,,,,,,,,,,,,,,,,,,,,,,,,,,,,,,,,,,,,,,,
,,,,,,,,,,,,,,,,,,,,,,,,,,,,,,,,,,,,,,,,,,,,,,,,,,,,,,,,,,,,,,,,,,,,,,,,,,,,,,,
,,,,,,,,,,,,,,,,,,,,,,,,,,,,,,,,,,,,,,,,,,,,,,,,,,,,,,,,,,,,,,,,,,,,,,,,,,,,,,,
,,,,,,,,,,,,,,,,,,,,,,,,,,,,,,,,,,,,,,,,,,,,,,,,,,,,,,,,,,,,,,,,,,,,,,,,,,,,,,,
,,,,,,,,,,,,,,,,,,,,,,,,,,,,,,,,,,,,,,,,,,,,,,,,,,,,,,,,,,,,,,,,,,,,,,,,,,,,,,,
,,,,,,,,,,,,,,,,,,,,,,,,,,,,,,,,,,,,,,,,,,,,,,,,,,,,,,,,,,,,,,,,,,,,,,,,,,,,,,,
,,,,,,,,,,,,,,,,,,,,,,,,,,,,,,,,,,,,,,,,,,,,,,,,,,,,,,,,,,,,,,,,,,,,,,,,,,,,,,,
,,,,,,,,,,,,,,,,,,,,,,,,,,,,,,,,,,,,,,,,,,,,,,,,,,,,,,,,,,,,,,,,,,,,,,,,,,,,,,,
,,,,,,,,,,,,,,,,,,,,,,,,,,,,,,,,,,,,,,,,,,,,,,,,,,,,,,,,,,,,,,,,,,,,,,,,,,,,,,,
,,,,,,,,,,,,,,,,,,,,,,,,,,,,,,,,,,,,,,,,,,,,,,,,,,,,,,,,,,,,,,,,,,,,,,,,,,,,,,,
